min_gap,fib_lower,fib_upper,stop_buffer,entry_at,max_zone_age_bars,min_impulse_size,strong_impulse_size,strong_only,score,total_return,max_drawdown,trades,win_rate,profit_factor
0.25,0.55,0.7,0.2,mid,8,3.5,4.0,False,0.11215628772458952,0.14242588342489593,-0.06053919140061281,79,0.27848101265822783,1.475357261960397
0.25,0.55,0.7,0.2,mid,8,3.5,4.0,True,0.11215628772458952,0.14242588342489593,-0.06053919140061281,79,0.27848101265822783,1.475357261960397
0.25,0.55,0.7,0.2,mid,8,3.0,4.0,False,0.11215628772458952,0.14242588342489593,-0.06053919140061281,79,0.27848101265822783,1.475357261960397
0.25,0.55,0.7,0.2,mid,8,3.0,4.0,True,0.11215628772458952,0.14242588342489593,-0.06053919140061281,79,0.27848101265822783,1.475357261960397
0.25,0.55,0.7,0.2,mid,8,3.5,4.5,False,0.11215628772458952,0.14242588342489593,-0.06053919140061281,79,0.27848101265822783,1.475357261960397
0.25,0.55,0.7,0.2,mid,8,3.0,4.5,False,0.11215628772458952,0.14242588342489593,-0.06053919140061281,79,0.27848101265822783,1.475357261960397
0.25,0.55,0.7,0.25,mid,8,3.0,4.5,False,0.1063674472382109,0.1363984232998834,-0.060061952123344975,79,0.27848101265822783,1.4569054721080628
0.25,0.55,0.7,0.25,mid,8,3.5,4.5,False,0.1063674472382109,0.1363984232998834,-0.060061952123344975,79,0.27848101265822783,1.4569054721080628
0.25,0.55,0.7,0.25,mid,8,3.0,4.0,True,0.1063674472382109,0.1363984232998834,-0.060061952123344975,79,0.27848101265822783,1.4569054721080628
0.25,0.55,0.7,0.25,mid,8,3.0,4.0,False,0.1063674472382109,0.1363984232998834,-0.060061952123344975,79,0.27848101265822783,1.4569054721080628
0.25,0.55,0.7,0.25,mid,8,3.5,4.0,True,0.1063674472382109,0.1363984232998834,-0.060061952123344975,79,0.27848101265822783,1.4569054721080628
0.25,0.55,0.7,0.25,mid,8,3.5,4.0,False,0.1063674472382109,0.1363984232998834,-0.060061952123344975,79,0.27848101265822783,1.4569054721080628
0.25,0.55,0.7,0.2,mid,8,3.0,4.5,True,0.10401865672460342,0.13428825242490983,-0.06053919140061281,75,0.28,1.467644437721599
0.25,0.55,0.7,0.2,mid,8,3.5,4.5,True,0.10401865672460342,0.13428825242490983,-0.06053919140061281,75,0.28,1.467644437721599
0.25,0.55,0.7,0.25,mid,8,3.5,4.5,True,0.09880387833822557,0.12883485439989806,-0.060061952123344975,75,0.28,1.4501666933050064
0.25,0.55,0.7,0.25,mid,8,3.0,4.5,True,0.09880387833822557,0.12883485439989806,-0.060061952123344975,75,0.28,1.4501666933050064
0.25,0.6,0.7,0.2,edge,8,3.5,4.5,True,0.08232415203704513,0.10645817549996317,-0.04826804692583608,22,0.36363636363636365,2.5726319460768505
0.25,0.6,0.7,0.2,edge,8,3.0,4.5,True,0.08232415203704513,0.10645817549996317,-0.04826804692583608,22,0.36363636363636365,2.5726319460768505
0.25,0.6,0.7,0.25,edge,8,3.5,4.5,True,0.07980566065434763,0.10365730384995997,-0.047703286391224675,22,0.36363636363636365,2.535042150537569
0.25,0.6,0.7,0.25,edge,8,3.0,4.5,True,0.07980566065434763,0.10365730384995997,-0.047703286391224675,22,0.36363636363636365,2.535042150537569
0.25,0.6,0.7,0.2,edge,8,3.5,4.0,False,0.07618174448702175,0.1003157679499398,-0.04826804692583608,28,0.32142857142857145,2.096336530484054
0.25,0.6,0.7,0.2,edge,8,3.5,4.5,False,0.07618174448702175,0.1003157679499398,-0.04826804692583608,28,0.32142857142857145,2.096336530484054
0.25,0.6,0.7,0.2,edge,8,3.0,4.0,True,0.07618174448702175,0.1003157679499398,-0.04826804692583608,28,0.32142857142857145,2.096336530484054
0.25,0.6,0.7,0.2,edge,8,3.5,4.0,True,0.07618174448702175,0.1003157679499398,-0.04826804692583608,28,0.32142857142857145,2.096336530484054
0.25,0.6,0.7,0.25,edge,8,3.5,4.0,True,0.07324903025432278,0.09710067344993512,-0.047703286391224675,28,0.32142857142857145,2.064798044482603
0.25,0.6,0.7,0.25,edge,8,3.0,4.0,True,0.07324903025432278,0.09710067344993512,-0.047703286391224675,28,0.32142857142857145,2.064798044482603
0.25,0.6,0.7,0.25,edge,8,3.5,4.5,False,0.07324903025432278,0.09710067344993512,-0.047703286391224675,28,0.32142857142857145,2.064798044482603
0.25,0.6,0.7,0.25,edge,8,3.5,4.0,False,0.07324903025432278,0.09710067344993512,-0.047703286391224675,28,0.32142857142857145,2.064798044482603
0.3,0.55,0.7,0.2,mid,8,3.0,4.0,False,0.07317460632460071,0.10344420202490712,-0.06053919140061281,75,0.26666666666666666,1.3529474812153535
0.3,0.55,0.7,0.2,mid,8,3.0,4.0,True,0.07317460632460071,0.10344420202490712,-0.06053919140061281,75,0.26666666666666666,1.3529474812153535
0.3,0.55,0.7,0.2,mid,8,3.5,4.0,False,0.07317460632460071,0.10344420202490712,-0.06053919140061281,75,0.26666666666666666,1.3529474812153535
0.3,0.55,0.7,0.2,mid,8,3.5,4.0,True,0.07317460632460071,0.10344420202490712,-0.06053919140061281,75,0.26666666666666666,1.3529474812153535
0.3,0.55,0.7,0.2,mid,8,3.0,4.5,False,0.07317460632460071,0.10344420202490712,-0.06053919140061281,75,0.26666666666666666,1.3529474812153535
0.3,0.55,0.7,0.2,mid,8,3.5,4.5,False,0.07317460632460071,0.10344420202490712,-0.06053919140061281,75,0.26666666666666666,1.3529474812153535
0.3,0.55,0.7,0.25,mid,8,3.0,4.5,False,0.06847662456322212,0.09850760062489461,-0.060061952123344975,75,0.26666666666666666,1.3372923013062987
0.3,0.55,0.7,0.25,mid,8,3.5,4.0,True,0.06847662456322212,0.09850760062489461,-0.060061952123344975,75,0.26666666666666666,1.3372923013062987
0.3,0.55,0.7,0.25,mid,8,3.0,4.0,False,0.06847662456322212,0.09850760062489461,-0.060061952123344975,75,0.26666666666666666,1.3372923013062987
0.3,0.55,0.7,0.25,mid,8,3.0,4.0,True,0.06847662456322212,0.09850760062489461,-0.060061952123344975,75,0.26666666666666666,1.3372923013062987
0.3,0.55,0.7,0.25,mid,8,3.5,4.0,False,0.06847662456322212,0.09850760062489461,-0.060061952123344975,75,0.26666666666666666,1.3372923013062987
0.3,0.55,0.7,0.25,mid,8,3.5,4.5,False,0.06847662456322212,0.09850760062489461,-0.060061952123344975,75,0.26666666666666666,1.3372923013062987
0.3,0.55,0.7,0.2,mid,8,3.0,4.5,True,0.06498496964961398,0.09525456534992038,-0.06053919140061281,72,0.2638888888888889,1.3391903468658897
0.3,0.55,0.7,0.2,mid,8,3.5,4.5,True,0.06498496964961398,0.09525456534992038,-0.06053919140061281,72,0.2638888888888889,1.3391903468658897
0.3,0.55,0.7,0.25,mid,8,3.5,4.5,True,0.060838308538235464,0.09086928459990795,-0.060061952123344975,72,0.2638888888888889,1.3246332197362662
0.3,0.55,0.7,0.25,mid,8,3.0,4.5,True,0.060838308538235464,0.09086928459990795,-0.060061952123344975,72,0.2638888888888889,1.3246332197362662
0.25,0.6,0.7,0.2,edge,6,3.0,4.5,True,0.05351272308704724,0.07764674654996528,-0.04826804692583608,21,0.3333333333333333,2.0707497500416028
0.25,0.6,0.7,0.2,edge,6,3.5,4.5,True,0.05351272308704724,0.07764674654996528,-0.04826804692583608,21,0.3333333333333333,2.0707497500416028
0.25,0.55,0.65,0.2,mid,8,3.0,4.0,True,0.05307864498073678,0.07831187247491922,-0.050466454988364884,66,0.2727272727272727,1.3120561182753774
0.25,0.55,0.65,0.2,mid,8,3.5,4.0,False,0.05307864498073678,0.07831187247491922,-0.050466454988364884,66,0.2727272727272727,1.3120561182753774
0.25,0.55,0.65,0.2,mid,8,3.5,4.0,True,0.05307864498073678,0.07831187247491922,-0.050466454988364884,66,0.2727272727272727,1.3120561182753774
0.25,0.55,0.65,0.2,mid,8,3.0,4.5,False,0.05307864498073678,0.07831187247491922,-0.050466454988364884,66,0.2727272727272727,1.3120561182753774
0.25,0.55,0.65,0.2,mid,8,3.5,4.5,False,0.05307864498073678,0.07831187247491922,-0.050466454988364884,66,0.2727272727272727,1.3120561182753774
0.25,0.55,0.65,0.2,mid,8,3.0,4.0,False,0.05307864498073678,0.07831187247491922,-0.050466454988364884,66,0.2727272727272727,1.3120561182753774
0.25,0.6,0.7,0.25,edge,6,3.0,4.5,True,0.05137027400434918,0.07522191719996152,-0.047703286391224675,21,0.3333333333333333,2.0398217046763154
0.25,0.6,0.7,0.25,edge,6,3.5,4.5,True,0.05137027400434918,0.07522191719996152,-0.047703286391224675,21,0.3333333333333333,2.0398217046763154
0.25,0.6,0.7,0.2,mid,8,3.5,4.5,True,0.04969349729774303,0.0764602591249397,-0.053533523654393345,46,0.2608695652173913,1.4123947384028281
0.25,0.6,0.7,0.2,mid,8,3.0,4.5,True,0.04969349729774303,0.0764602591249397,-0.053533523654393345,46,0.2608695652173913,1.4123947384028281
0.25,0.55,0.65,0.25,mid,8,3.0,4.5,False,0.04891440423121979,0.0740986313749088,-0.05036845428737802,66,0.2727272727272727,1.2961234609238812
0.25,0.55,0.65,0.25,mid,8,3.0,4.0,False,0.04891440423121979,0.0740986313749088,-0.05036845428737802,66,0.2727272727272727,1.2961234609238812
0.25,0.55,0.65,0.25,mid,8,3.5,4.5,False,0.04891440423121979,0.0740986313749088,-0.05036845428737802,66,0.2727272727272727,1.2961234609238812
0.25,0.55,0.65,0.25,mid,8,3.5,4.0,True,0.04891440423121979,0.0740986313749088,-0.05036845428737802,66,0.2727272727272727,1.2961234609238812
0.25,0.55,0.65,0.25,mid,8,3.0,4.0,True,0.04891440423121979,0.0740986313749088,-0.05036845428737802,66,0.2727272727272727,1.2961234609238812
0.25,0.55,0.65,0.25,mid,8,3.5,4.0,False,0.04891440423121979,0.0740986313749088,-0.05036845428737802,66,0.2727272727272727,1.2961234609238812
0.25,0.6,0.7,0.25,mid,8,3.5,4.5,True,0.046396518732220116,0.07304142547493098,-0.05328981348542172,46,0.2608695652173913,1.3950095868618033
0.25,0.6,0.7,0.25,mid,8,3.0,4.5,True,0.046396518732220116,0.07304142547493098,-0.05328981348542172,46,0.2608695652173913,1.3950095868618033
0.25,0.6,0.7,0.2,mid,8,3.0,4.0,True,0.043065534302527186,0.07818136022492461,-0.07023165184479485,51,0.2549019607843137,1.3848401581656358
0.25,0.6,0.7,0.2,mid,8,3.5,4.5,False,0.043065534302527186,0.07818136022492461,-0.07023165184479485,51,0.2549019607843137,1.3848401581656358
0.25,0.6,0.7,0.2,mid,8,3.5,4.0,True,0.043065534302527186,0.07818136022492461,-0.07023165184479485,51,0.2549019607843137,1.3848401581656358
0.25,0.6,0.7,0.2,mid,8,3.0,4.5,False,0.043065534302527186,0.07818136022492461,-0.07023165184479485,51,0.2549019607843137,1.3848401581656358
0.25,0.6,0.7,0.2,mid,8,3.5,4.0,False,0.043065534302527186,0.07818136022492461,-0.07023165184479485,51,0.2549019607843137,1.3848401581656358
0.25,0.6,0.7,0.2,mid,8,3.0,4.0,False,0.043065534302527186,0.07818136022492461,-0.07023165184479485,51,0.2549019607843137,1.3848401581656358
0.25,0.6,0.65,0.2,edge,8,3.5,4.0,False,0.04229398254891431,0.06642873164996477,-0.04826949820210091,17,0.35294117647058826,2.311326854476802
0.25,0.6,0.65,0.2,edge,8,3.0,4.0,True,0.04229398254891431,0.06642873164996477,-0.04826949820210091,17,0.35294117647058826,2.311326854476802
0.25,0.6,0.65,0.2,edge,8,3.5,4.5,False,0.04229398254891431,0.06642873164996477,-0.04826949820210091,17,0.35294117647058826,2.311326854476802
0.25,0.6,0.65,0.2,edge,8,3.5,4.0,True,0.04229398254891431,0.06642873164996477,-0.04826949820210091,17,0.35294117647058826,2.311326854476802
0.25,0.6,0.7,0.2,edge,8,3.0,4.5,False,0.040594295100264355,0.08012778944993415,-0.07906698869933959,31,0.2903225806451613,1.7382098713018017
0.25,0.6,0.7,0.2,edge,8,3.0,4.0,False,0.040594295100264355,0.08012778944993415,-0.07906698869933959,31,0.2903225806451613,1.7382098713018017
0.25,0.6,0.7,0.2,edge,6,3.5,4.5,False,0.0404377442370395,0.06457176769995754,-0.04826804692583608,24,0.2916666666666667,1.7685014050915726
0.25,0.6,0.7,0.2,edge,6,3.5,4.0,False,0.0404377442370395,0.06457176769995754,-0.04826804692583608,24,0.2916666666666667,1.7685014050915726
0.25,0.6,0.7,0.2,edge,6,3.5,4.0,True,0.0404377442370395,0.06457176769995754,-0.04826804692583608,24,0.2916666666666667,1.7685014050915726
0.25,0.6,0.7,0.2,edge,6,3.0,4.0,True,0.0404377442370395,0.06457176769995754,-0.04826804692583608,24,0.2916666666666667,1.7685014050915726
0.25,0.6,0.65,0.25,edge,8,3.5,4.0,True,0.04034967194534217,0.06420247729996276,-0.047705610709241175,17,0.35294117647058826,2.270744428672719
0.25,0.6,0.65,0.25,edge,8,3.5,4.5,False,0.04034967194534217,0.06420247729996276,-0.047705610709241175,17,0.35294117647058826,2.270744428672719
0.25,0.6,0.65,0.25,edge,8,3.0,4.0,True,0.04034967194534217,0.06420247729996276,-0.047705610709241175,17,0.35294117647058826,2.270744428672719
0.25,0.6,0.65,0.25,edge,8,3.5,4.0,False,0.04034967194534217,0.06420247729996276,-0.047705610709241175,17,0.35294117647058826,2.270744428672719
0.25,0.6,0.7,0.25,mid,8,3.0,4.0,True,0.03930150464705462,0.07426098689991423,-0.06991896450571922,51,0.2549019607843137,1.3666564651179993
0.25,0.6,0.7,0.25,mid,8,3.0,4.0,False,0.03930150464705462,0.07426098689991423,-0.06991896450571922,51,0.2549019607843137,1.3666564651179993
0.25,0.6,0.7,0.25,mid,8,3.5,4.5,False,0.03930150464705462,0.07426098689991423,-0.06991896450571922,51,0.2549019607843137,1.3666564651179993
0.25,0.6,0.7,0.25,mid,8,3.5,4.0,False,0.03930150464705462,0.07426098689991423,-0.06991896450571922,51,0.2549019607843137,1.3666564651179993
0.25,0.6,0.7,0.25,mid,8,3.0,4.5,False,0.03930150464705462,0.07426098689991423,-0.06991896450571922,51,0.2549019607843137,1.3666564651179993
0.25,0.6,0.7,0.25,mid,8,3.5,4.0,True,0.03930150464705462,0.07426098689991423,-0.06991896450571922,51,0.2549019607843137,1.3666564651179993
0.25,0.6,0.7,0.25,edge,8,3.0,4.5,False,0.0384968108386064,0.0771141002999276,-0.0772345789226424,31,0.2903225806451613,1.7132516628458436
0.25,0.6,0.7,0.25,edge,8,3.0,4.0,False,0.0384968108386064,0.0771141002999276,-0.0772345789226424,31,0.2903225806451613,1.7132516628458436
0.25,0.6,0.7,0.25,edge,6,3.5,4.0,False,0.03839730335434083,0.062248946549953166,-0.047703286391224675,24,0.2916666666666667,1.7429671419963648
0.25,0.6,0.7,0.25,edge,6,3.5,4.5,False,0.03839730335434083,0.062248946549953166,-0.047703286391224675,24,0.2916666666666667,1.7429671419963648
0.25,0.6,0.7,0.25,edge,6,3.0,4.0,True,0.03839730335434083,0.062248946549953166,-0.047703286391224675,24,0.2916666666666667,1.7429671419963648
0.25,0.6,0.7,0.25,edge,6,3.5,4.0,True,0.03839730335434083,0.062248946549953166,-0.047703286391224675,24,0.2916666666666667,1.7429671419963648
0.25,0.55,0.7,0.2,mid,6,3.5,4.5,True,0.037659761149464455,0.07331128774992801,-0.07130305320092711,62,0.25806451612903225,1.3118566735431934
0.25,0.55,0.7,0.2,mid,6,3.0,4.5,True,0.037659761149464455,0.07331128774992801,-0.07130305320092711,62,0.25806451612903225,1.3118566735431934
0.25,0.6,0.65,0.2,edge,8,3.0,4.0,False,0.035775262198910196,0.05991001129996065,-0.04826949820210091,18,0.3333333333333333,2.061100525665594
0.25,0.6,0.65,0.2,edge,8,3.0,4.5,False,0.035775262198910196,0.05991001129996065,-0.04826949820210091,18,0.3333333333333333,2.061100525665594
0.25,0.6,0.65,0.2,edge,8,3.0,4.5,True,0.03536799254892892,0.059502741649979374,-0.04826949820210091,13,0.38461538461538464,2.540835023097417
0.25,0.6,0.65,0.2,edge,8,3.5,4.5,True,0.03536799254892892,0.059502741649979374,-0.04826949820210091,13,0.38461538461538464,2.540835023097417
0.25,0.6,0.65,0.25,edge,8,3.5,4.5,True,0.03392228969535743,0.05777509504997802,-0.047705610709241175,13,0.38461538461538464,2.4988149633465593
0.25,0.6,0.65,0.25,edge,8,3.0,4.5,True,0.03392228969535743,0.05777509504997802,-0.047705610709241175,13,0.38461538461538464,2.4988149633465593
0.25,0.6,0.65,0.25,edge,8,3.0,4.5,False,0.033887429145337655,0.05774023449995824,-0.047705610709241175,18,0.3333333333333333,2.025779273144586
0.25,0.6,0.65,0.25,edge,8,3.0,4.0,False,0.033887429145337655,0.05774023449995824,-0.047705610709241175,18,0.3333333333333333,2.025779273144586
0.25,0.6,0.7,0.2,edge,6,3.0,4.0,False,0.033852459737037655,0.057986483199955696,-0.04826804692583608,25,0.28,1.6446382385318221
0.25,0.6,0.7,0.2,edge,6,3.0,4.5,False,0.033852459737037655,0.057986483199955696,-0.04826804692583608,25,0.28,1.6446382385318221
0.25,0.55,0.7,0.25,mid,6,3.0,4.5,True,0.03353033005756939,0.06889567332491797,-0.07073068653469716,62,0.25806451612903225,1.293957035341963
0.25,0.55,0.7,0.25,mid,6,3.5,4.5,True,0.03353033005756939,0.06889567332491797,-0.07073068653469716,62,0.25806451612903225,1.293957035341963
0.25,0.6,0.7,0.25,edge,6,3.0,4.5,False,0.031872416304338735,0.05572405949995107,-0.047703286391224675,25,0.28,1.6214469748253346
0.25,0.6,0.7,0.25,edge,6,3.0,4.0,False,0.031872416304338735,0.05572405949995107,-0.047703286391224675,25,0.28,1.6214469748253346
0.25,0.6,0.7,0.2,mid,6,3.0,4.5,True,0.027717641864313747,0.05448442009994814,-0.053533556471268784,39,0.2564102564102564,1.3466719197238204
0.25,0.6,0.7,0.2,mid,6,3.5,4.5,True,0.027717641864313747,0.05448442009994814,-0.053533556471268784,39,0.2564102564102564,1.3466719197238204
0.25,0.6,0.7,0.25,mid,6,3.0,4.5,True,0.024904760010067195,0.05154922747494073,-0.05328893492974707,39,0.2564102564102564,1.3288446476751337
0.25,0.6,0.7,0.25,mid,6,3.5,4.5,True,0.024904760010067195,0.05154922747494073,-0.05328893492974707,39,0.2564102564102564,1.3288446476751337
0.25,0.55,0.7,0.2,mid,6,3.5,4.0,True,0.02457054522445623,0.06022207182491979,-0.07130305320092711,65,0.24615384615384617,1.2441315407128204
0.25,0.55,0.7,0.2,mid,6,3.0,4.0,True,0.02457054522445623,0.06022207182491979,-0.07130305320092711,65,0.24615384615384617,1.2441315407128204
0.25,0.55,0.65,0.2,mid,8,3.5,4.5,True,0.021612414030747873,0.046845641524930315,-0.050466454988364884,63,0.25396825396825395,1.1918607651772026
0.25,0.55,0.65,0.2,mid,8,3.0,4.5,True,0.021612414030747873,0.046845641524930315,-0.050466454988364884,63,0.25396825396825395,1.1918607651772026
0.3,0.55,0.65,0.2,mid,8,3.5,4.0,False,0.02150632373074446,0.0467395512249269,-0.050466454988364884,63,0.25396825396825395,1.1906823874665118
0.3,0.55,0.65,0.2,mid,8,3.0,4.0,True,0.02150632373074446,0.0467395512249269,-0.050466454988364884,63,0.25396825396825395,1.1906823874665118
0.3,0.55,0.65,0.2,mid,8,3.0,4.5,False,0.02150632373074446,0.0467395512249269,-0.050466454988364884,63,0.25396825396825395,1.1906823874665118
0.3,0.55,0.65,0.2,mid,8,3.5,4.5,False,0.02150632373074446,0.0467395512249269,-0.050466454988364884,63,0.25396825396825395,1.1906823874665118
0.3,0.55,0.65,0.2,mid,8,3.0,4.0,False,0.02150632373074446,0.0467395512249269,-0.050466454988364884,63,0.25396825396825395,1.1906823874665118
0.3,0.55,0.65,0.2,mid,8,3.5,4.0,True,0.02150632373074446,0.0467395512249269,-0.050466454988364884,63,0.25396825396825395,1.1906823874665118
0.25,0.55,0.7,0.25,mid,6,3.5,4.0,True,0.02056122165756108,0.05592656492490966,-0.07073068653469716,65,0.24615384615384617,1.227445885833764
0.25,0.55,0.7,0.25,mid,6,3.0,4.0,True,0.02056122165756108,0.05592656492490966,-0.07073068653469716,65,0.24615384615384617,1.227445885833764
0.25,0.55,0.65,0.25,mid,8,3.0,4.5,True,0.01849400168123122,0.04367822882492023,-0.05036845428737802,63,0.25396825396825395,1.1793643762241113
0.25,0.55,0.65,0.25,mid,8,3.5,4.5,True,0.01849400168123122,0.04367822882492023,-0.05036845428737802,63,0.25396825396825395,1.1793643762241113
0.25,0.55,0.7,0.2,mid,6,3.5,4.0,False,0.018375367499455786,0.05402689409991934,-0.07130305320092711,66,0.24242424242424243,1.214157892264325
0.25,0.55,0.7,0.2,mid,6,3.5,4.5,False,0.018375367499455786,0.05402689409991934,-0.07130305320092711,66,0.24242424242424243,1.214157892264325
0.25,0.55,0.7,0.2,mid,6,3.0,4.0,False,0.018375367499455786,0.05402689409991934,-0.07130305320092711,66,0.24242424242424243,1.214157892264325
0.25,0.55,0.7,0.2,mid,6,3.0,4.5,False,0.018375367499455786,0.05402689409991934,-0.07130305320092711,66,0.24242424242424243,1.214157892264325
0.3,0.55,0.65,0.25,mid,8,3.0,4.0,True,0.01816886888122765,0.04335309602491666,-0.05036845428737802,63,0.25396825396825395,1.1773680382308436
0.3,0.55,0.65,0.25,mid,8,3.5,4.0,False,0.01816886888122765,0.04335309602491666,-0.05036845428737802,63,0.25396825396825395,1.1773680382308436
0.3,0.55,0.65,0.25,mid,8,3.5,4.5,False,0.01816886888122765,0.04335309602491666,-0.05036845428737802,63,0.25396825396825395,1.1773680382308436
0.3,0.55,0.65,0.25,mid,8,3.5,4.0,True,0.01816886888122765,0.04335309602491666,-0.05036845428737802,63,0.25396825396825395,1.1773680382308436
0.3,0.55,0.65,0.25,mid,8,3.0,4.0,False,0.01816886888122765,0.04335309602491666,-0.05036845428737802,63,0.25396825396825395,1.1773680382308436
0.3,0.55,0.65,0.25,mid,8,3.0,4.5,False,0.01816886888122765,0.04335309602491666,-0.05036845428737802,63,0.25396825396825395,1.1773680382308436
0.3,0.6,0.7,0.2,edge,8,3.5,4.5,True,0.014767420187054126,0.03890144364997217,-0.04826804692583608,20,0.25,1.5405319858018265
0.3,0.6,0.7,0.2,edge,8,3.0,4.5,True,0.014767420187054126,0.03890144364997217,-0.04826804692583608,20,0.25,1.5405319858018265
0.25,0.55,0.7,0.25,mid,6,3.5,4.5,False,0.014413648782560184,0.049778992049908766,-0.07073068653469716,66,0.24242424242424243,1.1979662212861721
0.25,0.55,0.7,0.25,mid,6,3.5,4.0,False,0.014413648782560184,0.049778992049908766,-0.07073068653469716,66,0.24242424242424243,1.1979662212861721
0.25,0.55,0.7,0.25,mid,6,3.0,4.5,False,0.014413648782560184,0.049778992049908766,-0.07073068653469716,66,0.24242424242424243,1.1979662212861721
0.25,0.55,0.7,0.25,mid,6,3.0,4.0,False,0.014413648782560184,0.049778992049908766,-0.07073068653469716,66,0.24242424242424243,1.1979662212861721
0.25,0.6,0.65,0.2,edge,6,3.5,4.5,True,0.013557287748930447,0.0376920368499809,-0.04826949820210091,12,0.3333333333333333,1.9850026026345677
0.25,0.6,0.65,0.2,edge,6,3.0,4.5,True,0.013557287748930447,0.0376920368499809,-0.04826949820210091,12,0.3333333333333333,1.9850026026345677
0.3,0.6,0.7,0.25,edge,8,3.0,4.5,True,0.01350613735435574,0.03735778054996808,-0.047703286391224675,20,0.25,1.5202383483801867
0.3,0.6,0.7,0.25,edge,8,3.5,4.5,True,0.01350613735435574,0.03735778054996808,-0.047703286391224675,20,0.25,1.5202383483801867
0.25,0.6,0.65,0.25,edge,6,3.5,4.5,True,0.01242420064535893,0.03627700599997952,-0.047705610709241175,12,0.3333333333333333,1.9496177079956836
0.25,0.6,0.65,0.25,edge,6,3.0,4.5,True,0.01242420064535893,0.03627700599997952,-0.047705610709241175,12,0.3333333333333333,1.9496177079956836
0.25,0.55,0.65,0.2,mid,6,3.0,4.0,True,0.010328070334207573,0.038090684099935546,-0.055525227531455945,56,0.25,1.1766750706637887
0.25,0.55,0.65,0.2,mid,6,3.5,4.0,True,0.010328070334207573,0.038090684099935546,-0.055525227531455945,56,0.25,1.1766750706637887
0.3,0.6,0.7,0.2,edge,8,3.5,4.5,False,0.00928403443703163,0.03341805789994967,-0.04826804692583608,25,0.24,1.3515631348002737
0.3,0.6,0.7,0.2,edge,8,3.5,4.0,False,0.00928403443703163,0.03341805789994967,-0.04826804692583608,25,0.24,1.3515631348002737
0.3,0.6,0.7,0.2,edge,8,3.5,4.0,True,0.00928403443703163,0.03341805789994967,-0.04826804692583608,25,0.24,1.3515631348002737
0.3,0.6,0.7,0.2,edge,8,3.0,4.0,True,0.00928403443703163,0.03341805789994967,-0.04826804692583608,25,0.24,1.3515631348002737
0.25,0.6,0.7,0.2,mid,6,3.0,4.0,True,0.009277931329594757,0.041660096799940316,-0.06476433094069112,42,0.23809523809523808,1.246609561714796
0.25,0.6,0.7,0.2,mid,6,3.5,4.0,True,0.009277931329594757,0.041660096799940316,-0.06476433094069112,42,0.23809523809523808,1.246609561714796
0.25,0.55,0.7,0.2,edge,8,3.5,4.0,False,0.007718084300993688,0.0442552842999282,-0.07307439999786902,47,0.23404255319148937,1.2566966972345497
0.25,0.55,0.7,0.2,edge,8,3.5,4.0,True,0.007718084300993688,0.0442552842999282,-0.07307439999786902,47,0.23404255319148937,1.2566966972345497
0.25,0.55,0.7,0.2,edge,8,3.0,4.0,True,0.007718084300993688,0.0442552842999282,-0.07307439999786902,47,0.23404255319148937,1.2566966972345497
0.25,0.55,0.7,0.2,edge,8,3.5,4.5,False,0.007718084300993688,0.0442552842999282,-0.07307439999786902,47,0.23404255319148937,1.2566966972345497
0.3,0.6,0.7,0.25,edge,8,3.5,4.5,False,0.007530569999732839,0.03147722199994507,-0.047893304000424464,25,0.24,1.3321451489043692
0.3,0.6,0.7,0.25,edge,8,3.0,4.0,True,0.007530569999732839,0.03147722199994507,-0.047893304000424464,25,0.24,1.3321451489043692
0.3,0.6,0.7,0.25,edge,8,3.5,4.0,False,0.007530569999732839,0.03147722199994507,-0.047893304000424464,25,0.24,1.3321451489043692
0.3,0.6,0.7,0.25,edge,8,3.5,4.0,True,0.007530569999732839,0.03147722199994507,-0.047893304000424464,25,0.24,1.3321451489043692
0.25,0.6,0.65,0.2,edge,6,3.0,4.0,True,0.007208669648927246,0.0313434187499777,-0.04826949820210091,14,0.2857142857142857,1.7080832645312505
0.25,0.6,0.65,0.2,edge,6,3.0,4.0,False,0.007208669648927246,0.0313434187499777,-0.04826949820210091,14,0.2857142857142857,1.7080832645312505
0.25,0.6,0.65,0.2,edge,6,3.5,4.5,False,0.007208669648927246,0.0313434187499777,-0.04826949820210091,14,0.2857142857142857,1.7080832645312505
0.25,0.6,0.65,0.2,edge,6,3.5,4.0,False,0.007208669648927246,0.0313434187499777,-0.04826949820210091,14,0.2857142857142857,1.7080832645312505
0.25,0.6,0.65,0.2,edge,6,3.5,4.0,True,0.007208669648927246,0.0313434187499777,-0.04826949820210091,14,0.2857142857142857,1.7080832645312505
0.25,0.6,0.65,0.2,edge,6,3.0,4.5,False,0.007208669648927246,0.0313434187499777,-0.04826949820210091,14,0.2857142857142857,1.7080832645312505
0.25,0.55,0.65,0.25,mid,6,3.5,4.0,True,0.007171569200040195,0.03488037474992711,-0.055417611099773834,56,0.25,1.1622227162723477
0.25,0.55,0.65,0.25,mid,6,3.0,4.0,True,0.007171569200040195,0.03488037474992711,-0.055417611099773834,56,0.25,1.1622227162723477
0.25,0.6,0.7,0.25,mid,6,3.0,4.0,True,0.006591890374625098,0.038827767574932004,-0.06447175440061381,42,0.23809523809523808,1.2304996928819936
0.25,0.6,0.7,0.25,mid,6,3.5,4.0,True,0.006591890374625098,0.038827767574932004,-0.06447175440061381,42,0.23809523809523808,1.2304996928819936
0.25,0.6,0.65,0.25,edge,6,3.5,4.5,False,0.006117736895355053,0.02997054224997564,-0.047705610709241175,14,0.2857142857142857,1.6785411064598226
0.25,0.6,0.65,0.25,edge,6,3.5,4.0,False,0.006117736895355053,0.02997054224997564,-0.047705610709241175,14,0.2857142857142857,1.6785411064598226
0.25,0.6,0.65,0.25,edge,6,3.0,4.0,True,0.006117736895355053,0.02997054224997564,-0.047705610709241175,14,0.2857142857142857,1.6785411064598226
0.25,0.6,0.65,0.25,edge,6,3.0,4.0,False,0.006117736895355053,0.02997054224997564,-0.047705610709241175,14,0.2857142857142857,1.6785411064598226
0.25,0.6,0.65,0.25,edge,6,3.5,4.0,True,0.006117736895355053,0.02997054224997564,-0.047705610709241175,14,0.2857142857142857,1.6785411064598226
0.25,0.6,0.65,0.25,edge,6,3.0,4.5,False,0.006117736895355053,0.02997054224997564,-0.047705610709241175,14,0.2857142857142857,1.6785411064598226
0.25,0.55,0.7,0.25,edge,8,3.5,4.0,True,0.004430683294708637,0.04067799204992073,-0.07249461751042419,47,0.23404255319148937,1.236558144537719
0.25,0.55,0.7,0.25,edge,8,3.0,4.0,True,0.004430683294708637,0.04067799204992073,-0.07249461751042419,47,0.23404255319148937,1.236558144537719
0.25,0.55,0.7,0.25,edge,8,3.5,4.5,False,0.004430683294708637,0.04067799204992073,-0.07249461751042419,47,0.23404255319148937,1.236558144537719
0.25,0.55,0.7,0.25,edge,8,3.5,4.0,False,0.004430683294708637,0.04067799204992073,-0.07249461751042419,47,0.23404255319148937,1.236558144537719
0.25,0.55,0.65,0.2,mid,6,3.0,4.0,False,0.0042592321592064275,0.0320218459249344,-0.055525227531455945,57,0.24561403508771928,1.1447398349592712
0.25,0.55,0.65,0.2,mid,6,3.0,4.5,False,0.0042592321592064275,0.0320218459249344,-0.055525227531455945,57,0.24561403508771928,1.1447398349592712
0.25,0.55,0.65,0.2,mid,6,3.5,4.0,False,0.0042592321592064275,0.0320218459249344,-0.055525227531455945,57,0.24561403508771928,1.1447398349592712
0.25,0.55,0.65,0.2,mid,6,3.5,4.5,False,0.0042592321592064275,0.0320218459249344,-0.055525227531455945,57,0.24561403508771928,1.1447398349592712
0.3,0.55,0.65,0.2,mid,8,3.0,4.5,True,0.003164703524251522,0.03265050394993585,-0.058971600851368655,61,0.2459016393442623,1.1367977937024596
0.3,0.55,0.65,0.2,mid,8,3.5,4.5,True,0.003164703524251522,0.03265050394993585,-0.058971600851368655,61,0.2459016393442623,1.1367977937024596
0.25,0.55,0.65,0.25,mid,6,3.5,4.0,False,0.0011425444250394157,0.028851349974926332,-0.055417611099773834,57,0.24561403508771928,1.1307718416936623
0.25,0.55,0.65,0.25,mid,6,3.5,4.5,False,0.0011425444250394157,0.028851349974926332,-0.055417611099773834,57,0.24561403508771928,1.1307718416936623
0.25,0.55,0.65,0.25,mid,6,3.0,4.5,False,0.0011425444250394157,0.028851349974926332,-0.055417611099773834,57,0.24561403508771928,1.1307718416936623
0.25,0.55,0.65,0.25,mid,6,3.0,4.0,False,0.0011425444250394157,0.028851349974926332,-0.055417611099773834,57,0.24561403508771928,1.1307718416936623
0.3,0.55,0.7,0.2,mid,6,3.0,4.5,True,0.0007287091244734256,0.03638023572493698,-0.07130305320092711,59,0.23728813559322035,1.1586893818815975
0.3,0.55,0.7,0.2,mid,6,3.5,4.5,True,0.0007287091244734256,0.03638023572493698,-0.07130305320092711,59,0.23728813559322035,1.1586893818815975
0.25,0.6,0.7,0.2,mid,6,3.0,4.0,False,0.0004531434955876157,0.03556877047493945,-0.07023125395870367,43,0.23255813953488372,1.2038075354129987
0.25,0.6,0.7,0.2,mid,6,3.5,4.5,False,0.0004531434955876157,0.03556877047493945,-0.07023125395870367,43,0.23255813953488372,1.2038075354129987
0.25,0.6,0.7,0.2,mid,6,3.5,4.0,False,0.0004531434955876157,0.03556877047493945,-0.07023125395870367,43,0.23255813953488372,1.2038075354129987
0.25,0.6,0.7,0.2,mid,6,3.0,4.5,False,0.0004531434955876157,0.03556877047493945,-0.07023125395870367,43,0.23255813953488372,1.2038075354129987
0.3,0.55,0.65,0.25,mid,8,3.5,4.5,True,0.00025672652172353816,0.02983365484992606,-0.059153856656405046,61,0.2459016393442623,1.1253226563290866
0.3,0.55,0.65,0.25,mid,8,3.0,4.5,True,0.00025672652172353816,0.02983365484992606,-0.059153856656405046,61,0.2459016393442623,1.1253226563290866
0.25,0.55,0.65,0.2,mid,6,3.5,4.5,True,-0.00020369571578748857,0.027558918049940484,-0.055525227531455945,54,0.24074074074074073,1.1314610102003924
0.25,0.55,0.65,0.2,mid,6,3.0,4.5,True,-0.00020369571578748857,0.027558918049940484,-0.055525227531455945,54,0.24074074074074073,1.1314610102003924
0.25,0.6,0.7,0.25,mid,6,3.5,4.5,False,-0.00217997378371948,0.03277937119993157,-0.0699186899673021,43,0.23255813953488372,1.1883742322808843
0.25,0.6,0.7,0.25,mid,6,3.0,4.0,False,-0.00217997378371948,0.03277937119993157,-0.0699186899673021,43,0.23255813953488372,1.1883742322808843
0.25,0.6,0.7,0.25,mid,6,3.0,4.5,False,-0.00217997378371948,0.03277937119993157,-0.0699186899673021,43,0.23255813953488372,1.1883742322808843
0.25,0.6,0.7,0.25,mid,6,3.5,4.0,False,-0.00217997378371948,0.03277937119993157,-0.0699186899673021,43,0.23255813953488372,1.1883742322808843
0.3,0.55,0.7,0.25,mid,6,3.0,4.5,True,-0.002417669842421366,0.032947673424927215,-0.07073068653469716,59,0.23728813559322035,1.1441392197428741
0.3,0.55,0.7,0.25,mid,6,3.5,4.5,True,-0.002417669842421366,0.032947673424927215,-0.07073068653469716,59,0.23728813559322035,1.1441392197428741
0.25,0.55,0.65,0.25,mid,6,3.0,4.5,True,-0.00296677522495431,0.024742030324932607,-0.055417611099773834,54,0.24074074074074073,1.1183281247674948
0.25,0.55,0.65,0.25,mid,6,3.5,4.5,True,-0.00296677522495431,0.024742030324932607,-0.055417611099773834,54,0.24074074074074073,1.1183281247674948
0.25,0.55,0.7,0.2,edge,6,3.5,4.0,False,-0.003556299748985914,0.0329809002499486,-0.07307439999786902,39,0.23076923076923078,1.2286877088175192
0.25,0.55,0.7,0.2,edge,6,3.5,4.5,False,-0.003556299748985914,0.0329809002499486,-0.07307439999786902,39,0.23076923076923078,1.2286877088175192
0.25,0.55,0.7,0.2,edge,6,3.0,4.0,True,-0.003556299748985914,0.0329809002499486,-0.07307439999786902,39,0.23076923076923078,1.2286877088175192
0.25,0.55,0.7,0.2,edge,6,3.5,4.0,True,-0.003556299748985914,0.0329809002499486,-0.07307439999786902,39,0.23076923076923078,1.2286877088175192
0.25,0.6,0.65,0.2,mid,6,3.5,4.5,True,-0.004097555254905849,0.01462411964996213,-0.03744334980973596,30,0.23333333333333334,1.114286871691743
0.25,0.6,0.65,0.2,mid,6,3.0,4.5,True,-0.004097555254905849,0.01462411964996213,-0.03744334980973596,30,0.23333333333333334,1.114286871691743
0.25,0.55,0.7,0.2,edge,8,3.5,4.5,True,-0.0044258602489830046,0.032111339749951506,-0.07307439999786902,40,0.225,1.2159146351159367
0.25,0.55,0.7,0.2,edge,8,3.0,4.5,True,-0.0044258602489830046,0.032111339749951506,-0.07307439999786902,40,0.225,1.2159146351159367
0.25,0.6,0.65,0.25,mid,6,3.5,4.5,True,-0.005412398391421547,0.013204873649956594,-0.03723454408275628,30,0.23333333333333334,1.1034193821294755
0.25,0.6,0.65,0.25,mid,6,3.0,4.5,True,-0.005412398391421547,0.013204873649956594,-0.03723454408275628,30,0.23333333333333334,1.1034193821294755
0.25,0.55,0.7,0.25,edge,6,3.5,4.5,False,-0.0060849812552693505,0.030162327499942743,-0.07249461751042419,39,0.23076923076923078,1.2095862768071488
0.25,0.55,0.7,0.25,edge,6,3.5,4.0,False,-0.0060849812552693505,0.030162327499942743,-0.07249461751042419,39,0.23076923076923078,1.2095862768071488
0.25,0.55,0.7,0.25,edge,6,3.5,4.0,True,-0.0060849812552693505,0.030162327499942743,-0.07249461751042419,39,0.23076923076923078,1.2095862768071488
0.25,0.55,0.7,0.25,edge,6,3.0,4.0,True,-0.0060849812552693505,0.030162327499942743,-0.07249461751042419,39,0.23076923076923078,1.2095862768071488
0.3,0.6,0.7,0.2,edge,6,3.0,4.5,True,-0.006542221012943661,0.01759180244997438,-0.04826804692583608,18,0.2222222222222222,1.2462529093942862
0.3,0.6,0.7,0.2,edge,6,3.5,4.5,True,-0.006542221012943661,0.01759180244997438,-0.04826804692583608,18,0.2222222222222222,1.2462529093942862
0.25,0.55,0.7,0.25,edge,8,3.0,4.5,True,-0.0068110793052668095,0.029436229449945284,-0.07249461751042419,40,0.225,1.1983030547097995
0.25,0.55,0.7,0.25,edge,8,3.5,4.5,True,-0.0068110793052668095,0.029436229449945284,-0.07249461751042419,40,0.225,1.1983030547097995
0.3,0.6,0.7,0.25,edge,6,3.0,4.5,True,-0.007496143245642128,0.01635549994997021,-0.047703286391224675,18,0.2222222222222222,1.22944115869472
0.3,0.6,0.7,0.25,edge,6,3.5,4.5,True,-0.007496143245642128,0.01635549994997021,-0.047703286391224675,18,0.2222222222222222,1.22944115869472
0.25,0.55,0.7,0.2,edge,6,3.0,4.5,False,-0.009945248698987441,0.02659195129994707,-0.07307439999786902,40,0.225,1.1773145635100337
0.25,0.55,0.7,0.2,edge,6,3.0,4.0,False,-0.009945248698987441,0.02659195129994707,-0.07307439999786902,40,0.225,1.1773145635100337
0.3,0.6,0.7,0.2,mid,8,3.0,4.5,True,-0.01003543932638562,0.01833965109995228,-0.0567501808526758,42,0.21428571428571427,1.1035390038589257
0.3,0.6,0.7,0.2,mid,8,3.5,4.5,True,-0.01003543932638562,0.01833965109995228,-0.0567501808526758,42,0.21428571428571427,1.1035390038589257
0.3,0.55,0.7,0.2,mid,6,3.5,4.0,True,-0.011604576575533043,0.024046950024930513,-0.07130305320092711,61,0.22950819672131148,1.0999205040919726
0.3,0.55,0.7,0.2,mid,6,3.0,4.0,True,-0.011604576575533043,0.024046950024930513,-0.07130305320092711,61,0.22950819672131148,1.0999205040919726
0.3,0.6,0.7,0.25,mid,8,3.0,4.5,True,-0.012136554188616977,0.016281341574944097,-0.05683579152712215,42,0.21428571428571427,1.092135745284417
0.3,0.6,0.7,0.25,mid,8,3.5,4.5,True,-0.012136554188616977,0.016281341574944097,-0.05683579152712215,42,0.21428571428571427,1.092135745284417
0.25,0.55,0.7,0.25,edge,6,3.0,4.5,False,-0.012411629455272188,0.023835679299939905,-0.07249461751042419,40,0.225,1.1593090860185076
0.25,0.55,0.7,0.25,edge,6,3.0,4.0,False,-0.012411629455272188,0.023835679299939905,-0.07249461751042419,40,0.225,1.1593090860185076
0.25,0.6,0.65,0.2,mid,6,3.0,4.0,True,-0.012860062354931479,0.008680516974959085,-0.04308115865978113,31,0.22580645161290322,1.064940438002134
0.25,0.6,0.65,0.2,mid,6,3.5,4.0,True,-0.012860062354931479,0.008680516974959085,-0.04308115865978113,31,0.22580645161290322,1.064940438002134
0.25,0.6,0.65,0.25,mid,6,3.0,4.0,True,-0.014132363094259637,0.007292876724953157,-0.04285047963842559,31,0.22580645161290322,1.054684557586216
0.25,0.6,0.65,0.25,mid,6,3.5,4.0,True,-0.014132363094259637,0.007292876724953157,-0.04285047963842559,31,0.22580645161290322,1.054684557586216
0.25,0.55,0.7,0.2,edge,6,3.5,4.5,True,-0.01464505674897748,0.02189214324995703,-0.07307439999786902,36,0.2222222222222222,1.1591417664415948
0.25,0.55,0.7,0.2,edge,6,3.0,4.5,True,-0.01464505674897748,0.02189214324995703,-0.07307439999786902,36,0.2222222222222222,1.1591417664415948
0.3,0.55,0.7,0.25,mid,6,3.0,4.0,True,-0.014651838567429187,0.020713504699919394,-0.07073068653469716,61,0.22950819672131148,1.0863374343839733
0.3,0.55,0.7,0.25,mid,6,3.5,4.0,True,-0.014651838567429187,0.020713504699919394,-0.07073068653469716,61,0.22950819672131148,1.0863374343839733
0.3,0.55,0.65,0.2,mid,6,3.0,4.5,True,-0.01618392895517151,0.013623309524946059,-0.05961447696023514,52,0.23076923076923078,1.0667265920181026
0.3,0.55,0.65,0.2,mid,6,3.5,4.5,True,-0.01618392895517151,0.013623309524946059,-0.05961447696023514,52,0.23076923076923078,1.0667265920181026
0.3,0.6,0.7,0.2,mid,8,3.5,4.0,False,-0.0164220752775468,0.020273633274938474,-0.07339141710497055,46,0.21739130434782608,1.104318403690509
0.3,0.6,0.7,0.2,mid,8,3.5,4.0,True,-0.0164220752775468,0.020273633274938474,-0.07339141710497055,46,0.21739130434782608,1.104318403690509
0.3,0.6,0.7,0.2,mid,8,3.0,4.5,False,-0.0164220752775468,0.020273633274938474,-0.07339141710497055,46,0.21739130434782608,1.104318403690509
0.3,0.6,0.7,0.2,mid,8,3.5,4.5,False,-0.0164220752775468,0.020273633274938474,-0.07339141710497055,46,0.21739130434782608,1.104318403690509
0.3,0.6,0.7,0.2,mid,8,3.0,4.0,True,-0.0164220752775468,0.020273633274938474,-0.07339141710497055,46,0.21739130434782608,1.104318403690509
0.3,0.6,0.7,0.2,mid,8,3.0,4.0,False,-0.0164220752775468,0.020273633274938474,-0.07339141710497055,46,0.21739130434782608,1.104318403690509
0.25,0.55,0.7,0.25,edge,6,3.0,4.5,True,-0.01674073885526084,0.019506569899951254,-0.07249461751042419,36,0.2222222222222222,1.1420536366833858
0.25,0.55,0.7,0.25,edge,6,3.5,4.5,True,-0.01674073885526084,0.019506569899951254,-0.07249461751042419,36,0.2222222222222222,1.1420536366833858
0.3,0.55,0.7,0.2,mid,6,3.0,4.0,False,-0.017870234980301825,0.01806011102492966,-0.07186069201046297,62,0.22580645161290322,1.073326570236856
0.3,0.55,0.7,0.2,mid,6,3.0,4.5,False,-0.017870234980301825,0.01806011102492966,-0.07186069201046297,62,0.22580645161290322,1.073326570236856
0.3,0.55,0.7,0.2,mid,6,3.5,4.5,False,-0.017870234980301825,0.01806011102492966,-0.07186069201046297,62,0.22580645161290322,1.073326570236856
0.3,0.55,0.7,0.2,mid,6,3.5,4.0,False,-0.017870234980301825,0.01806011102492966,-0.07186069201046297,62,0.22580645161290322,1.073326570236856
0.25,0.6,0.65,0.2,mid,8,3.5,4.0,True,-0.017877498952822368,0.006460588874948048,-0.04867617565554083,36,0.2222222222222222,1.0420671962417223
0.25,0.6,0.65,0.2,mid,8,3.5,4.0,False,-0.017877498952822368,0.006460588874948048,-0.04867617565554083,36,0.2222222222222222,1.0420671962417223
0.25,0.6,0.65,0.2,mid,8,3.0,4.5,False,-0.017877498952822368,0.006460588874948048,-0.04867617565554083,36,0.2222222222222222,1.0420671962417223
0.25,0.6,0.65,0.2,mid,8,3.5,4.5,False,-0.017877498952822368,0.006460588874948048,-0.04867617565554083,36,0.2222222222222222,1.0420671962417223
0.25,0.6,0.65,0.2,mid,8,3.0,4.0,False,-0.017877498952822368,0.006460588874948048,-0.04867617565554083,36,0.2222222222222222,1.0420671962417223
0.25,0.6,0.65,0.2,mid,8,3.0,4.0,True,-0.017877498952822368,0.006460588874948048,-0.04867617565554083,36,0.2222222222222222,1.0420671962417223
0.3,0.6,0.7,0.2,edge,6,3.5,4.0,True,-0.018612945012950743,0.005521078449967298,-0.04826804692583608,20,0.2,1.0668512018566572
0.3,0.6,0.7,0.2,edge,6,3.0,4.5,False,-0.018612945012950743,0.005521078449967298,-0.04826804692583608,20,0.2,1.0668512018566572
0.3,0.6,0.7,0.2,edge,6,3.0,4.0,True,-0.018612945012950743,0.005521078449967298,-0.04826804692583608,20,0.2,1.0668512018566572
0.3,0.6,0.7,0.2,edge,6,3.0,4.0,False,-0.018612945012950743,0.005521078449967298,-0.04826804692583608,20,0.2,1.0668512018566572
0.3,0.6,0.7,0.2,edge,6,3.5,4.0,False,-0.018612945012950743,0.005521078449967298,-0.04826804692583608,20,0.2,1.0668512018566572
0.3,0.6,0.7,0.2,edge,6,3.5,4.5,False,-0.018612945012950743,0.005521078449967298,-0.04826804692583608,20,0.2,1.0668512018566572
0.3,0.55,0.65,0.25,mid,6,3.0,4.5,True,-0.0187142197868298,0.011152337424938485,-0.05973311442353657,52,0.23076923076923078,1.0547618536814056
0.3,0.55,0.65,0.25,mid,6,3.5,4.5,True,-0.0187142197868298,0.011152337424938485,-0.05973311442353657,52,0.23076923076923078,1.0547618536814056
0.3,0.6,0.7,0.25,mid,8,3.0,4.0,True,-0.018971409278883966,0.017729963624928846,-0.07340274580762562,46,0.21739130434782608,1.0914755423950475
0.3,0.6,0.7,0.25,mid,8,3.5,4.5,False,-0.018971409278883966,0.017729963624928846,-0.07340274580762562,46,0.21739130434782608,1.0914755423950475
0.3,0.6,0.7,0.25,mid,8,3.5,4.0,False,-0.018971409278883966,0.017729963624928846,-0.07340274580762562,46,0.21739130434782608,1.0914755423950475
0.3,0.6,0.7,0.25,mid,8,3.0,4.5,False,-0.018971409278883966,0.017729963624928846,-0.07340274580762562,46,0.21739130434782608,1.0914755423950475
0.3,0.6,0.7,0.25,mid,8,3.5,4.0,True,-0.018971409278883966,0.017729963624928846,-0.07340274580762562,46,0.21739130434782608,1.0914755423950475
0.3,0.6,0.7,0.25,mid,8,3.0,4.0,False,-0.018971409278883966,0.017729963624928846,-0.07340274580762562,46,0.21739130434782608,1.0914755423950475
0.3,0.6,0.7,0.25,edge,6,3.5,4.0,True,-0.019489835895649177,0.004361807299963161,-0.047703286391224675,20,0.2,1.0529480245500749
0.3,0.6,0.7,0.25,edge,6,3.5,4.5,False,-0.019489835895649177,0.004361807299963161,-0.047703286391224675,20,0.2,1.0529480245500749
0.3,0.6,0.7,0.25,edge,6,3.0,4.0,True,-0.019489835895649177,0.004361807299963161,-0.047703286391224675,20,0.2,1.0529480245500749
0.3,0.6,0.7,0.25,edge,6,3.0,4.5,False,-0.019489835895649177,0.004361807299963161,-0.047703286391224675,20,0.2,1.0529480245500749
0.3,0.6,0.7,0.25,edge,6,3.5,4.0,False,-0.019489835895649177,0.004361807299963161,-0.047703286391224675,20,0.2,1.0529480245500749
0.3,0.6,0.7,0.25,edge,6,3.0,4.0,False,-0.019489835895649177,0.004361807299963161,-0.047703286391224675,20,0.2,1.0529480245500749
0.25,0.6,0.65,0.25,mid,8,3.5,4.0,True,-0.019652596433878122,0.004559309224940744,-0.04842381131763773,36,0.2222222222222222,1.0297558473231259
0.25,0.6,0.65,0.25,mid,8,3.0,4.5,False,-0.019652596433878122,0.004559309224940744,-0.04842381131763773,36,0.2222222222222222,1.0297558473231259
0.25,0.6,0.65,0.25,mid,8,3.5,4.0,False,-0.019652596433878122,0.004559309224940744,-0.04842381131763773,36,0.2222222222222222,1.0297558473231259
0.25,0.6,0.65,0.25,mid,8,3.0,4.0,True,-0.019652596433878122,0.004559309224940744,-0.04842381131763773,36,0.2222222222222222,1.0297558473231259
0.25,0.6,0.65,0.25,mid,8,3.0,4.0,False,-0.019652596433878122,0.004559309224940744,-0.04842381131763773,36,0.2222222222222222,1.0297558473231259
0.25,0.6,0.65,0.25,mid,8,3.5,4.5,False,-0.019652596433878122,0.004559309224940744,-0.04842381131763773,36,0.2222222222222222,1.0297558473231259
0.25,0.6,0.65,0.2,mid,8,3.5,4.5,True,-0.02024002564960309,-0.0015178887500417737,-0.03744427379912263,33,0.21212121212121213,0.9893153712834157
0.25,0.6,0.65,0.2,mid,8,3.0,4.5,True,-0.02024002564960309,-0.0015178887500417737,-0.03744427379912263,33,0.21212121212121213,0.9893153712834157
0.3,0.55,0.7,0.25,mid,6,3.5,4.5,False,-0.021227734900617523,0.014767573049918381,-0.07199061590107181,62,0.22580645161290322,1.0601494446889055
0.3,0.55,0.7,0.25,mid,6,3.0,4.5,False,-0.021227734900617523,0.014767573049918381,-0.07199061590107181,62,0.22580645161290322,1.0601494446889055
0.3,0.55,0.7,0.25,mid,6,3.0,4.0,False,-0.021227734900617523,0.014767573049918381,-0.07199061590107181,62,0.22580645161290322,1.0601494446889055
0.3,0.55,0.7,0.25,mid,6,3.5,4.0,False,-0.021227734900617523,0.014767573049918381,-0.07199061590107181,62,0.22580645161290322,1.0601494446889055
0.25,0.6,0.65,0.25,mid,8,3.0,4.5,True,-0.021518921093768184,-0.0029017712250484218,-0.037234299737439525,33,0.21212121212121213,0.979532184603466
0.25,0.6,0.65,0.25,mid,8,3.5,4.5,True,-0.021518921093768184,-0.0029017712250484218,-0.037234299737439525,33,0.21212121212121213,0.979532184603466
0.25,0.6,0.65,0.2,mid,6,3.0,4.0,False,-0.02155392125138489,0.0027838461499585243,-0.048675534802686826,32,0.21875,1.0199797423495365
0.25,0.6,0.65,0.2,mid,6,3.0,4.5,False,-0.02155392125138489,0.0027838461499585243,-0.048675534802686826,32,0.21875,1.0199797423495365
0.25,0.6,0.65,0.2,mid,6,3.5,4.0,False,-0.02155392125138489,0.0027838461499585243,-0.048675534802686826,32,0.21875,1.0199797423495365
0.25,0.6,0.65,0.2,mid,6,3.5,4.5,False,-0.02155392125138489,0.0027838461499585243,-0.048675534802686826,32,0.21875,1.0199797423495365
0.3,0.55,0.65,0.2,mid,6,3.5,4.0,True,-0.022119161817861555,0.007688207399943359,-0.059614738435609826,53,0.22641509433962265,1.0366303086972624
0.3,0.55,0.65,0.2,mid,6,3.0,4.0,True,-0.022119161817861555,0.007688207399943359,-0.059614738435609826,53,0.22641509433962265,1.0366303086972624
0.3,0.6,0.65,0.2,edge,8,3.5,4.0,True,-0.022444183651075866,0.0016905654499745904,-0.04826949820210091,14,0.21428571428571427,1.0307962119086245
0.3,0.6,0.65,0.2,edge,8,3.5,4.5,False,-0.022444183651075866,0.0016905654499745904,-0.04826949820210091,14,0.21428571428571427,1.0307962119086245
0.3,0.6,0.65,0.2,edge,8,3.0,4.0,True,-0.022444183651075866,0.0016905654499745904,-0.04826949820210091,14,0.21428571428571427,1.0307962119086245
0.3,0.6,0.65,0.2,edge,8,3.5,4.0,False,-0.022444183651075866,0.0016905654499745904,-0.04826949820210091,14,0.21428571428571427,1.0307962119086245
0.25,0.6,0.65,0.25,mid,6,3.0,4.0,False,-0.022784805829787147,0.0014269767499519581,-0.04842356515947821,32,0.21875,1.0102661145736642
0.25,0.6,0.65,0.25,mid,6,3.0,4.5,False,-0.022784805829787147,0.0014269767499519581,-0.04842356515947821,32,0.21875,1.0102661145736642
0.25,0.6,0.65,0.25,mid,6,3.5,4.5,False,-0.022784805829787147,0.0014269767499519581,-0.04842356515947821,32,0.21875,1.0102661145736642
0.25,0.6,0.65,0.25,mid,6,3.5,4.0,False,-0.022784805829787147,0.0014269767499519581,-0.04842356515947821,32,0.21875,1.0102661145736642
0.3,0.6,0.65,0.25,edge,8,3.5,4.5,False,-0.023207906404648704,0.0006448989499718838,-0.047705610709241175,14,0.21428571428571427,1.0117739810872626
0.3,0.6,0.65,0.25,edge,8,3.0,4.0,True,-0.023207906404648704,0.0006448989499718838,-0.047705610709241175,14,0.21428571428571427,1.0117739810872626
0.3,0.6,0.65,0.25,edge,8,3.5,4.0,True,-0.023207906404648704,0.0006448989499718838,-0.047705610709241175,14,0.21428571428571427,1.0117739810872626
0.3,0.6,0.65,0.25,edge,8,3.5,4.0,False,-0.023207906404648704,0.0006448989499718838,-0.047705610709241175,14,0.21428571428571427,1.0117739810872626
0.3,0.55,0.65,0.25,mid,6,3.0,4.0,True,-0.024611153424072107,0.005254854299934886,-0.059732015448013986,53,0.22641509433962265,1.0251023885609736
0.3,0.55,0.65,0.25,mid,6,3.5,4.0,True,-0.024611153424072107,0.005254854299934886,-0.059732015448013986,53,0.22641509433962265,1.0251023885609736
0.25,0.55,0.7,0.2,edge,8,3.0,4.0,False,-0.02849139198182543,0.025098766849922294,-0.10718031766349545,50,0.22,1.1332612835932696
0.25,0.55,0.7,0.2,edge,8,3.0,4.5,False,-0.02849139198182543,0.025098766849922294,-0.10718031766349545,50,0.22,1.1332612835932696
0.3,0.6,0.65,0.2,edge,8,3.0,4.0,False,-0.028566904001080362,-0.004432154900029905,-0.04826949820210091,15,0.2,0.9269493241796289
0.3,0.6,0.65,0.2,edge,8,3.0,4.5,False,-0.028566904001080362,-0.004432154900029905,-0.04826949820210091,15,0.2,0.9269493241796289
0.3,0.55,0.65,0.2,mid,6,3.0,4.0,False,-0.028866770324806112,0.0017978527499429298,-0.061329246149498085,54,0.2222222222222222,1.008340267202239
0.3,0.55,0.65,0.2,mid,6,3.5,4.5,False,-0.028866770324806112,0.0017978527499429298,-0.061329246149498085,54,0.2222222222222222,1.008340267202239
0.3,0.55,0.65,0.2,mid,6,3.0,4.5,False,-0.028866770324806112,0.0017978527499429298,-0.061329246149498085,54,0.2222222222222222,1.008340267202239
0.3,0.55,0.65,0.2,mid,6,3.5,4.0,False,-0.028866770324806112,0.0017978527499429298,-0.061329246149498085,54,0.2222222222222222,1.008340267202239
0.3,0.6,0.65,0.2,edge,8,3.5,4.5,True,-0.029223881751062664,-0.005089132650012207,-0.04826949820210091,11,0.18181818181818182,0.8827680288696677
0.3,0.6,0.65,0.2,edge,8,3.0,4.5,True,-0.029223881751062664,-0.005089132650012207,-0.04826949820210091,11,0.18181818181818182,0.8827680288696677
0.3,0.6,0.65,0.25,edge,8,3.0,4.5,False,-0.029285872354653242,-0.005433067000032654,-0.047705610709241175,15,0.2,0.9102164644757043
0.3,0.6,0.65,0.25,edge,8,3.0,4.0,False,-0.029285872354653242,-0.005433067000032654,-0.047705610709241175,15,0.2,0.9102164644757043
0.3,0.6,0.65,0.25,edge,8,3.5,4.5,True,-0.029521008204634824,-0.005668202850014237,-0.047705610709241175,11,0.18181818181818182,0.8692184436909427
0.3,0.6,0.65,0.25,edge,8,3.0,4.5,True,-0.029521008204634824,-0.005668202850014237,-0.047705610709241175,11,0.18181818181818182,0.8692184436909427
0.3,0.6,0.7,0.2,edge,8,3.0,4.0,False,-0.02987838645909896,0.020770463849946186,-0.10129770061809029,27,0.2222222222222222,1.195708110694015
0.3,0.6,0.7,0.2,edge,8,3.0,4.5,False,-0.02987838645909896,0.020770463849946186,-0.10129770061809029,27,0.2222222222222222,1.195708110694015
0.3,0.6,0.7,0.25,edge,8,3.0,4.0,False,-0.030676882508433645,0.018938518599939336,-0.09923080221674596,27,0.2222222222222222,1.1790502711359516
0.3,0.6,0.7,0.25,edge,8,3.0,4.5,False,-0.030676882508433645,0.018938518599939336,-0.09923080221674596,27,0.2222222222222222,1.1790502711359516
0.25,0.55,0.65,0.2,edge,8,3.5,4.0,True,-0.030687994675468677,0.005850133099947641,-0.07307625555083264,37,0.21621621621621623,1.0423672872762602
0.25,0.55,0.65,0.2,edge,8,3.5,4.0,False,-0.030687994675468677,0.005850133099947641,-0.07307625555083264,37,0.21621621621621623,1.0423672872762602
0.25,0.55,0.65,0.2,edge,8,3.5,4.5,False,-0.030687994675468677,0.005850133099947641,-0.07307625555083264,37,0.21621621621621623,1.0423672872762602
0.25,0.55,0.65,0.2,edge,8,3.0,4.0,True,-0.030687994675468677,0.005850133099947641,-0.07307625555083264,37,0.21621621621621623,1.0423672872762602
0.25,0.55,0.7,0.25,edge,8,3.0,4.5,False,-0.03103948623578562,0.021715918149913138,-0.10551080877139751,50,0.22,1.1156430780827535
0.25,0.55,0.7,0.25,edge,8,3.0,4.0,False,-0.03103948623578562,0.021715918149913138,-0.10551080877139751,50,0.22,1.1156430780827535
0.3,0.55,0.65,0.25,mid,6,3.5,4.5,False,-0.03134155417025564,-0.0005969352250659865,-0.0614892378903793,54,0.2222222222222222,0.9972232913926982
0.3,0.55,0.65,0.25,mid,6,3.0,4.5,False,-0.03134155417025564,-0.0005969352250659865,-0.0614892378903793,54,0.2222222222222222,0.9972232913926982
0.3,0.55,0.65,0.25,mid,6,3.5,4.0,False,-0.03134155417025564,-0.0005969352250659865,-0.0614892378903793,54,0.2222222222222222,0.9972232913926982
0.3,0.55,0.65,0.25,mid,6,3.0,4.0,False,-0.03134155417025564,-0.0005969352250659865,-0.0614892378903793,54,0.2222222222222222,0.9972232913926982
0.25,0.55,0.65,0.25,edge,8,3.5,4.0,False,-0.03296615005623066,0.0032806219999423902,-0.0724935441123461,37,0.21621621621621623,1.0238072033924335
0.25,0.55,0.65,0.25,edge,8,3.5,4.0,True,-0.03296615005623066,0.0032806219999423902,-0.0724935441123461,37,0.21621621621621623,1.0238072033924335
0.25,0.55,0.65,0.25,edge,8,3.0,4.0,True,-0.03296615005623066,0.0032806219999423902,-0.0724935441123461,37,0.21621621621621623,1.0238072033924335
0.25,0.55,0.65,0.25,edge,8,3.5,4.5,False,-0.03296615005623066,0.0032806219999423902,-0.0724935441123461,37,0.21621621621621623,1.0238072033924335
0.3,0.6,0.7,0.2,mid,6,3.5,4.5,True,-0.03595548053430325,-0.002450721775039244,-0.06700951751852802,35,0.2,0.983580643059923
0.3,0.6,0.7,0.2,mid,6,3.0,4.5,True,-0.03595548053430325,-0.002450721775039244,-0.06700951751852802,35,0.2,0.983580643059923
0.25,0.55,0.65,0.2,edge,8,3.0,4.5,False,-0.03683553132547224,-0.0002974035500559191,-0.07307625555083264,38,0.21052631578947367,0.9979267265489241
0.25,0.55,0.65,0.2,edge,8,3.0,4.0,False,-0.03683553132547224,-0.0002974035500559191,-0.07307625555083264,38,0.21052631578947367,0.9979267265489241
0.3,0.6,0.7,0.25,mid,6,3.5,4.5,True,-0.0375116245915636,-0.004075162075046546,-0.0668729250330341,35,0.2,0.9726351288112944
0.3,0.6,0.7,0.25,mid,6,3.0,4.5,True,-0.0375116245915636,-0.004075162075046546,-0.0668729250330341,35,0.2,0.9726351288112944
0.25,0.55,0.65,0.25,edge,8,3.0,4.5,False,-0.039058300956235026,-0.002811528900061977,-0.0724935441123461,38,0.21052631578947367,0.9803567701227625
0.25,0.55,0.65,0.25,edge,8,3.0,4.0,False,-0.039058300956235026,-0.002811528900061977,-0.0724935441123461,38,0.21052631578947367,0.9803567701227625
0.25,0.55,0.65,0.2,edge,6,3.5,4.0,False,-0.0419725282754525,-0.005434400500036185,-0.07307625555083264,30,0.2,0.9509943109689571
0.25,0.55,0.65,0.2,edge,6,3.5,4.5,False,-0.0419725282754525,-0.005434400500036185,-0.07307625555083264,30,0.2,0.9509943109689571
0.25,0.55,0.65,0.2,edge,6,3.5,4.0,True,-0.0419725282754525,-0.005434400500036185,-0.07307625555083264,30,0.2,0.9509943109689571
0.25,0.55,0.65,0.2,edge,6,3.0,4.5,False,-0.0419725282754525,-0.005434400500036185,-0.07307625555083264,30,0.2,0.9509943109689571
0.25,0.55,0.65,0.2,edge,6,3.0,4.0,False,-0.0419725282754525,-0.005434400500036185,-0.07307625555083264,30,0.2,0.9509943109689571
0.25,0.55,0.65,0.2,edge,6,3.0,4.0,True,-0.0419725282754525,-0.005434400500036185,-0.07307625555083264,30,0.2,0.9509943109689571
0.25,0.55,0.65,0.25,edge,6,3.5,4.5,False,-0.04351178250621318,-0.0072650104500401325,-0.0724935441123461,30,0.2,0.9343799236618261
0.25,0.55,0.65,0.25,edge,6,3.0,4.0,True,-0.04351178250621318,-0.0072650104500401325,-0.0724935441123461,30,0.2,0.9343799236618261
0.25,0.55,0.65,0.25,edge,6,3.5,4.0,True,-0.04351178250621318,-0.0072650104500401325,-0.0724935441123461,30,0.2,0.9343799236618261
0.25,0.55,0.65,0.25,edge,6,3.0,4.0,False,-0.04351178250621318,-0.0072650104500401325,-0.0724935441123461,30,0.2,0.9343799236618261
0.25,0.55,0.65,0.25,edge,6,3.0,4.5,False,-0.04351178250621318,-0.0072650104500401325,-0.0724935441123461,30,0.2,0.9343799236618261
0.25,0.55,0.65,0.25,edge,6,3.5,4.0,False,-0.04351178250621318,-0.0072650104500401325,-0.0724935441123461,30,0.2,0.9343799236618261
0.3,0.6,0.65,0.2,edge,6,3.0,4.5,True,-0.044175121401061224,-0.020040372300010767,-0.04826949820210091,9,0.1111111111111111,0.4676021426361178
0.3,0.6,0.65,0.2,edge,6,3.5,4.5,True,-0.044175121401061224,-0.020040372300010767,-0.04826949820210091,9,0.1111111111111111,0.4676021426361178
0.3,0.6,0.65,0.25,edge,6,3.5,4.5,True,-0.044212544654632924,-0.020359739300012336,-0.047705610709241175,9,0.1111111111111111,0.4583632816913374
0.3,0.6,0.65,0.25,edge,6,3.0,4.5,True,-0.044212544654632924,-0.020359739300012336,-0.047705610709241175,9,0.1111111111111111,0.4583632816913374
0.3,0.6,0.65,0.2,mid,6,3.5,4.5,True,-0.04468037908416578,-0.019106611200029766,-0.05114753576827202,27,0.18518518518518517,0.8417318433313201
0.3,0.6,0.65,0.2,mid,6,3.0,4.5,True,-0.04468037908416578,-0.019106611200029766,-0.05114753576827202,27,0.18518518518518517,0.8417318433313201
0.3,0.6,0.65,0.25,mid,6,3.5,4.5,True,-0.0453725996132599,-0.01984946990003489,-0.051046259426450025,27,0.18518518518518517,0.8352678237707989
0.3,0.6,0.65,0.25,mid,6,3.0,4.5,True,-0.0453725996132599,-0.01984946990003489,-0.051046259426450025,27,0.18518518518518517,0.8352678237707989
0.25,0.55,0.65,0.2,edge,8,3.5,4.5,True,-0.04834283787544991,-0.011804710100033589,-0.07307625555083264,31,0.1935483870967742,0.9020807245914403
0.25,0.55,0.65,0.2,edge,8,3.0,4.5,True,-0.04834283787544991,-0.011804710100033589,-0.07307625555083264,31,0.1935483870967742,0.9020807245914403
0.25,0.55,0.65,0.25,edge,8,3.5,4.5,True,-0.04971799775621061,-0.013471225700037559,-0.0724935441123461,31,0.1935483870967742,0.8880941438397484
0.25,0.55,0.65,0.25,edge,8,3.0,4.5,True,-0.04971799775621061,-0.013471225700037559,-0.0724935441123461,31,0.1935483870967742,0.8880941438397484
0.3,0.6,0.65,0.2,edge,6,3.5,4.5,False,-0.05014780307802147,-0.025766142550013083,-0.04876332105601677,10,0.1,0.4044493617997128
0.3,0.6,0.65,0.2,edge,6,3.5,4.0,False,-0.05014780307802147,-0.025766142550013083,-0.04876332105601677,10,0.1,0.4044493617997128
0.3,0.6,0.65,0.2,edge,6,3.5,4.0,True,-0.05014780307802147,-0.025766142550013083,-0.04876332105601677,10,0.1,0.4044493617997128
0.3,0.6,0.65,0.2,edge,6,3.0,4.5,False,-0.05014780307802147,-0.025766142550013083,-0.04876332105601677,10,0.1,0.4044493617997128
0.3,0.6,0.65,0.2,edge,6,3.0,4.0,False,-0.05014780307802147,-0.025766142550013083,-0.04876332105601677,10,0.1,0.4044493617997128
0.3,0.6,0.65,0.2,edge,6,3.0,4.0,True,-0.05014780307802147,-0.025766142550013083,-0.04876332105601677,10,0.1,0.4044493617997128
0.3,0.55,0.7,0.2,edge,8,3.0,4.0,True,-0.050314039848994574,-0.013776839850060063,-0.07307439999786902,43,0.18604651162790697,0.9188483544509126
0.3,0.55,0.7,0.2,edge,8,3.5,4.0,True,-0.050314039848994574,-0.013776839850060063,-0.07307439999786902,43,0.18604651162790697,0.9188483544509126
0.3,0.55,0.7,0.2,edge,8,3.5,4.0,False,-0.050314039848994574,-0.013776839850060063,-0.07307439999786902,43,0.18604651162790697,0.9188483544509126
0.3,0.55,0.7,0.2,edge,8,3.5,4.5,False,-0.050314039848994574,-0.013776839850060063,-0.07307439999786902,43,0.18604651162790697,0.9188483544509126
0.3,0.6,0.65,0.25,edge,6,3.5,4.0,False,-0.05039120441718303,-0.026061180850014742,-0.04866004713433658,10,0.1,0.39659470383917533
0.3,0.6,0.65,0.25,edge,6,3.5,4.5,False,-0.05039120441718303,-0.026061180850014742,-0.04866004713433658,10,0.1,0.39659470383917533
0.3,0.6,0.65,0.25,edge,6,3.0,4.0,True,-0.05039120441718303,-0.026061180850014742,-0.04866004713433658,10,0.1,0.39659470383917533
0.3,0.6,0.65,0.25,edge,6,3.0,4.0,False,-0.05039120441718303,-0.026061180850014742,-0.04866004713433658,10,0.1,0.39659470383917533
0.3,0.6,0.65,0.25,edge,6,3.0,4.5,False,-0.05039120441718303,-0.026061180850014742,-0.04866004713433658,10,0.1,0.39659470383917533
0.3,0.6,0.65,0.25,edge,6,3.5,4.0,True,-0.05039120441718303,-0.026061180850014742,-0.04866004713433658,10,0.1,0.39659470383917533
0.3,0.6,0.65,0.2,mid,8,3.5,4.0,True,-0.05133743098667842,-0.02699985640004332,-0.048675149173270205,33,0.18181818181818182,0.8154320259853414
0.3,0.6,0.65,0.2,mid,8,3.0,4.0,True,-0.05133743098667842,-0.02699985640004332,-0.048675149173270205,33,0.18181818181818182,0.8154320259853414
0.3,0.6,0.65,0.2,mid,8,3.5,4.5,False,-0.05133743098667842,-0.02699985640004332,-0.048675149173270205,33,0.18181818181818182,0.8154320259853414
0.3,0.6,0.65,0.2,mid,8,3.5,4.0,False,-0.05133743098667842,-0.02699985640004332,-0.048675149173270205,33,0.18181818181818182,0.8154320259853414
0.3,0.6,0.65,0.2,mid,8,3.0,4.5,False,-0.05133743098667842,-0.02699985640004332,-0.048675149173270205,33,0.18181818181818182,0.8154320259853414
0.3,0.6,0.65,0.2,mid,8,3.0,4.0,False,-0.05133743098667842,-0.02699985640004332,-0.048675149173270205,33,0.18181818181818182,0.8154320259853414
0.3,0.55,0.7,0.25,edge,8,3.5,4.5,False,-0.052384698205279356,-0.016137389450067263,-0.07249461751042419,43,0.18604651162790697,0.904723510944619
0.3,0.55,0.7,0.25,edge,8,3.0,4.0,True,-0.052384698205279356,-0.016137389450067263,-0.07249461751042419,43,0.18604651162790697,0.904723510944619
0.3,0.55,0.7,0.25,edge,8,3.5,4.0,True,-0.052384698205279356,-0.016137389450067263,-0.07249461751042419,43,0.18604651162790697,0.904723510944619
0.3,0.55,0.7,0.25,edge,8,3.5,4.0,False,-0.052384698205279356,-0.016137389450067263,-0.07249461751042419,43,0.18604651162790697,0.904723510944619
0.3,0.6,0.65,0.25,mid,8,3.5,4.5,False,-0.05242661712024005,-0.02821467325005067,-0.04842388774037876,33,0.18181818181818182,0.8067309325253543
0.3,0.6,0.65,0.25,mid,8,3.5,4.0,False,-0.05242661712024005,-0.02821467325005067,-0.04842388774037876,33,0.18181818181818182,0.8067309325253543
0.3,0.6,0.65,0.25,mid,8,3.0,4.0,True,-0.05242661712024005,-0.02821467325005067,-0.04842388774037876,33,0.18181818181818182,0.8067309325253543
0.3,0.6,0.65,0.25,mid,8,3.0,4.0,False,-0.05242661712024005,-0.02821467325005067,-0.04842388774037876,33,0.18181818181818182,0.8067309325253543
0.3,0.6,0.65,0.25,mid,8,3.0,4.5,False,-0.05242661712024005,-0.02821467325005067,-0.04842388774037876,33,0.18181818181818182,0.8067309325253543
0.3,0.6,0.65,0.25,mid,8,3.5,4.0,True,-0.05242661712024005,-0.02821467325005067,-0.04842388774037876,33,0.18181818181818182,0.8067309325253543
0.3,0.6,0.65,0.2,mid,6,3.5,4.0,True,-0.053201970167561674,-0.024850210225032643,-0.05670351988505806,28,0.17857142857142858,0.8033240875183999
0.3,0.6,0.65,0.2,mid,6,3.0,4.0,True,-0.053201970167561674,-0.024850210225032643,-0.05670351988505806,28,0.17857142857142858,0.8033240875183999
0.3,0.6,0.7,0.2,mid,6,3.0,4.0,True,-0.05332333943063361,-0.014284734125045606,-0.078077210611176,37,0.1891891891891892,0.9110453292722801
0.3,0.6,0.7,0.2,mid,6,3.5,4.0,True,-0.05332333943063361,-0.014284734125045606,-0.078077210611176,37,0.1891891891891892,0.9110453292722801
0.3,0.6,0.65,0.25,mid,6,3.0,4.0,True,-0.05386119862259614,-0.025569219725038117,-0.05658395779511605,28,0.17857142857142858,0.7972250564761032
0.3,0.6,0.65,0.25,mid,6,3.5,4.0,True,-0.05386119862259614,-0.025569219725038117,-0.05658395779511605,28,0.17857142857142858,0.7972250564761032
0.25,0.55,0.65,0.2,edge,6,3.5,4.5,True,-0.054159493690648874,-0.016111050400028137,-0.07609688658124147,27,0.18518518518518517,0.845914524186599
0.25,0.55,0.65,0.2,edge,6,3.0,4.5,True,-0.054159493690648874,-0.016111050400028137,-0.07609688658124147,27,0.18518518518518517,0.845914524186599
0.3,0.6,0.7,0.25,mid,6,3.5,4.0,True,-0.054785379657024236,-0.015837985150053857,-0.07789478901394076,37,0.1891891891891892,0.9011265329425873
0.3,0.6,0.7,0.25,mid,6,3.0,4.0,True,-0.054785379657024236,-0.015837985150053857,-0.07789478901394076,37,0.1891891891891892,0.9011265329425873
0.3,0.55,0.7,0.2,edge,6,3.5,4.0,True,-0.05542077054897426,-0.018883570550039752,-0.07307439999786902,34,0.17647058823529413,0.8624351714733421
0.3,0.55,0.7,0.2,edge,6,3.5,4.0,False,-0.05542077054897426,-0.018883570550039752,-0.07307439999786902,34,0.17647058823529413,0.8624351714733421
0.3,0.55,0.7,0.2,edge,6,3.0,4.5,False,-0.05542077054897426,-0.018883570550039752,-0.07307439999786902,34,0.17647058823529413,0.8624351714733421
0.3,0.55,0.7,0.2,edge,6,3.0,4.0,True,-0.05542077054897426,-0.018883570550039752,-0.07307439999786902,34,0.17647058823529413,0.8624351714733421
0.3,0.55,0.7,0.2,edge,6,3.0,4.0,False,-0.05542077054897426,-0.018883570550039752,-0.07307439999786902,34,0.17647058823529413,0.8624351714733421
0.3,0.55,0.7,0.2,edge,6,3.5,4.5,False,-0.05542077054897426,-0.018883570550039752,-0.07307439999786902,34,0.17647058823529413,0.8624351714733421
0.25,0.55,0.65,0.25,edge,6,3.5,4.5,True,-0.05566975281738412,-0.0175324793000321,-0.07627454703470404,27,0.18518518518518517,0.8321041999995924
0.25,0.55,0.65,0.25,edge,6,3.0,4.5,True,-0.05566975281738412,-0.0175324793000321,-0.07627454703470404,27,0.18518518518518517,0.8321041999995924
0.3,0.55,0.7,0.25,edge,6,3.5,4.0,True,-0.056811085055257116,-0.020563776300045022,-0.07249461751042419,34,0.17647058823529413,0.8499168514508089
0.3,0.55,0.7,0.25,edge,6,3.5,4.0,False,-0.056811085055257116,-0.020563776300045022,-0.07249461751042419,34,0.17647058823529413,0.8499168514508089
0.3,0.55,0.7,0.25,edge,6,3.5,4.5,False,-0.056811085055257116,-0.020563776300045022,-0.07249461751042419,34,0.17647058823529413,0.8499168514508089
0.3,0.55,0.7,0.25,edge,6,3.0,4.0,False,-0.056811085055257116,-0.020563776300045022,-0.07249461751042419,34,0.17647058823529413,0.8499168514508089
0.3,0.55,0.7,0.25,edge,6,3.0,4.5,False,-0.056811085055257116,-0.020563776300045022,-0.07249461751042419,34,0.17647058823529413,0.8499168514508089
0.3,0.55,0.7,0.25,edge,6,3.0,4.0,True,-0.056811085055257116,-0.020563776300045022,-0.07249461751042419,34,0.17647058823529413,0.8499168514508089
0.3,0.6,0.65,0.2,mid,8,3.5,4.5,True,-0.0602855457249768,-0.03471168367503297,-0.05114772409988766,30,0.16666666666666666,0.7427621218119974
0.3,0.6,0.65,0.2,mid,8,3.0,4.5,True,-0.0602855457249768,-0.03471168367503297,-0.05114772409988766,30,0.16666666666666666,0.7427621218119974
0.3,0.6,0.65,0.25,mid,8,3.0,4.5,True,-0.06095854311892934,-0.035434082625039554,-0.05104892098777958,30,0.16666666666666666,0.7369412179741978
0.3,0.6,0.65,0.25,mid,8,3.5,4.5,True,-0.06095854311892934,-0.035434082625039554,-0.05104892098777958,30,0.16666666666666666,0.7369412179741978
0.3,0.6,0.65,0.2,mid,6,3.0,4.0,False,-0.061662577955307385,-0.030552706175033473,-0.062219743560547824,29,0.1724137931034483,0.7684259829977091
0.3,0.6,0.65,0.2,mid,6,3.0,4.5,False,-0.061662577955307385,-0.030552706175033473,-0.062219743560547824,29,0.1724137931034483,0.7684259829977091
0.3,0.6,0.65,0.2,mid,6,3.5,4.0,False,-0.061662577955307385,-0.030552706175033473,-0.062219743560547824,29,0.1724137931034483,0.7684259829977091
0.3,0.6,0.65,0.2,mid,6,3.5,4.5,False,-0.061662577955307385,-0.030552706175033473,-0.062219743560547824,29,0.1724137931034483,0.7684259829977091
0.3,0.6,0.7,0.2,mid,6,3.5,4.5,False,-0.06178158900455266,-0.020047681000046724,-0.08346781600901187,38,0.18421052631578946,0.8793031735929093
0.3,0.6,0.7,0.2,mid,6,3.0,4.5,False,-0.06178158900455266,-0.020047681000046724,-0.08346781600901187,38,0.18421052631578946,0.8793031735929093
0.3,0.6,0.7,0.2,mid,6,3.0,4.0,False,-0.06178158900455266,-0.020047681000046724,-0.08346781600901187,38,0.18421052631578946,0.8793031735929093
0.3,0.6,0.7,0.2,mid,6,3.5,4.0,False,-0.06178158900455266,-0.020047681000046724,-0.08346781600901187,38,0.18421052631578946,0.8793031735929093
0.3,0.55,0.7,0.2,edge,8,3.5,4.5,True,-0.062048549048972224,-0.025511349050037713,-0.07307439999786902,37,0.16216216216216217,0.8261858653620907
0.3,0.55,0.7,0.2,edge,8,3.0,4.5,True,-0.062048549048972224,-0.025511349050037713,-0.07307439999786902,37,0.16216216216216217,0.8261858653620907
0.3,0.6,0.65,0.25,mid,6,3.0,4.5,False,-0.0622813704466369,-0.03124286225003947,-0.06207701639319485,29,0.1724137931034483,0.7626907274824064
0.3,0.6,0.65,0.25,mid,6,3.0,4.0,False,-0.0622813704466369,-0.03124286225003947,-0.06207701639319485,29,0.1724137931034483,0.7626907274824064
0.3,0.6,0.65,0.25,mid,6,3.5,4.5,False,-0.0622813704466369,-0.03124286225003947,-0.06207701639319485,29,0.1724137931034483,0.7626907274824064
0.3,0.6,0.65,0.25,mid,6,3.5,4.0,False,-0.0622813704466369,-0.03124286225003947,-0.06207701639319485,29,0.1724137931034483,0.7626907274824064
0.3,0.6,0.7,0.25,mid,6,3.0,4.5,False,-0.06319910940600587,-0.021567825425055198,-0.08326256796190135,38,0.18421052631578946,0.8698161479282954
0.3,0.6,0.7,0.25,mid,6,3.5,4.0,False,-0.06319910940600587,-0.021567825425055198,-0.08326256796190135,38,0.18421052631578946,0.8698161479282954
0.3,0.6,0.7,0.25,mid,6,3.5,4.5,False,-0.06319910940600587,-0.021567825425055198,-0.08326256796190135,38,0.18421052631578946,0.8698161479282954
0.3,0.6,0.7,0.25,mid,6,3.0,4.0,False,-0.06319910940600587,-0.021567825425055198,-0.08326256796190135,38,0.18421052631578946,0.8698161479282954
0.3,0.55,0.7,0.25,edge,8,3.5,4.5,True,-0.0632757099113887,-0.027023320600043976,-0.07250477862268945,37,0.16216216216216217,0.8155748966339513
0.3,0.55,0.7,0.25,edge,8,3.0,4.5,True,-0.0632757099113887,-0.027023320600043976,-0.07250477862268945,37,0.16216216216216217,0.8155748966339513
0.3,0.55,0.7,0.2,edge,6,3.5,4.5,True,-0.06963806966128527,-0.029685014350032235,-0.07990611062250608,32,0.15625,0.7733118586467983
0.3,0.55,0.7,0.2,edge,6,3.0,4.5,True,-0.06963806966128527,-0.029685014350032235,-0.07990611062250608,32,0.15625,0.7733118586467983
0.3,0.55,0.7,0.25,edge,6,3.0,4.5,True,-0.07098853945355721,-0.03095484365003809,-0.08006739160703824,32,0.15625,0.763242788845302
0.3,0.55,0.7,0.25,edge,6,3.5,4.5,True,-0.07098853945355721,-0.03095484365003809,-0.08006739160703824,32,0.15625,0.763242788845302
0.3,0.55,0.7,0.2,edge,8,3.0,4.5,False,-0.08778891051971571,-0.025846446550063407,-0.12388492793930461,45,0.17777777777777778,0.856502551908298
0.3,0.55,0.7,0.2,edge,8,3.0,4.0,False,-0.08778891051971571,-0.025846446550063407,-0.12388492793930461,45,0.17777777777777778,0.856502551908298
0.3,0.55,0.7,0.25,edge,8,3.0,4.0,False,-0.08908107897707529,-0.02809163450007235,-0.12197888895400588,45,0.17777777777777778,0.8436389032055758
0.3,0.55,0.7,0.25,edge,8,3.0,4.5,False,-0.08908107897707529,-0.02809163450007235,-0.12197888895400588,45,0.17777777777777778,0.8436389032055758
0.3,0.55,0.65,0.2,edge,8,3.5,4.5,False,-0.08984749946218473,-0.04995048370004074,-0.07979403152428799,33,0.15151515151515152,0.6324679601535294
0.3,0.55,0.65,0.2,edge,8,3.5,4.0,True,-0.08984749946218473,-0.04995048370004074,-0.07979403152428799,33,0.15151515151515152,0.6324679601535294
0.3,0.55,0.65,0.2,edge,8,3.5,4.0,False,-0.08984749946218473,-0.04995048370004074,-0.07979403152428799,33,0.15151515151515152,0.6324679601535294
0.3,0.55,0.65,0.2,edge,8,3.0,4.0,True,-0.08984749946218473,-0.04995048370004074,-0.07979403152428799,33,0.15151515151515152,0.6324679601535294
0.3,0.55,0.65,0.25,edge,8,3.5,4.0,False,-0.09153445962215895,-0.05139742025004601,-0.08027407874422587,33,0.15151515151515152,0.6211525079786052
0.3,0.55,0.65,0.25,edge,8,3.5,4.5,False,-0.09153445962215895,-0.05139742025004601,-0.08027407874422587,33,0.15151515151515152,0.6211525079786052
0.3,0.55,0.65,0.25,edge,8,3.0,4.0,True,-0.09153445962215895,-0.05139742025004601,-0.08027407874422587,33,0.15151515151515152,0.6211525079786052
0.3,0.55,0.65,0.25,edge,8,3.5,4.0,True,-0.09153445962215895,-0.05139742025004601,-0.08027407874422587,33,0.15151515151515152,0.6211525079786052
0.3,0.55,0.65,0.2,edge,6,3.5,4.5,False,-0.09666221458954194,-0.05527753540002511,-0.08276935837903365,25,0.12,0.4694731835758624
0.3,0.55,0.65,0.2,edge,6,3.0,4.0,True,-0.09666221458954194,-0.05527753540002511,-0.08276935837903365,25,0.12,0.4694731835758624
0.3,0.55,0.65,0.2,edge,6,3.0,4.0,False,-0.09666221458954194,-0.05527753540002511,-0.08276935837903365,25,0.12,0.4694731835758624
0.3,0.55,0.65,0.2,edge,6,3.0,4.5,False,-0.09666221458954194,-0.05527753540002511,-0.08276935837903365,25,0.12,0.4694731835758624
0.3,0.55,0.65,0.2,edge,6,3.5,4.0,True,-0.09666221458954194,-0.05527753540002511,-0.08276935837903365,25,0.12,0.4694731835758624
0.3,0.55,0.65,0.2,edge,6,3.5,4.0,False,-0.09666221458954194,-0.05527753540002511,-0.08276935837903365,25,0.12,0.4694731835758624
0.3,0.55,0.65,0.25,edge,6,3.0,4.0,True,-0.09761262891122213,-0.05605376315002886,-0.08311773152238655,25,0.12,0.4613054281829447
0.3,0.55,0.65,0.25,edge,6,3.5,4.5,False,-0.09761262891122213,-0.05605376315002886,-0.08311773152238655,25,0.12,0.4613054281829447
0.3,0.55,0.65,0.25,edge,6,3.5,4.0,True,-0.09761262891122213,-0.05605376315002886,-0.08311773152238655,25,0.12,0.4613054281829447
0.3,0.55,0.65,0.25,edge,6,3.0,4.0,False,-0.09761262891122213,-0.05605376315002886,-0.08311773152238655,25,0.12,0.4613054281829447
0.3,0.55,0.65,0.25,edge,6,3.0,4.5,False,-0.09761262891122213,-0.05605376315002886,-0.08311773152238655,25,0.12,0.4613054281829447
0.3,0.55,0.65,0.25,edge,6,3.5,4.0,False,-0.09761262891122213,-0.05605376315002886,-0.08311773152238655,25,0.12,0.4613054281829447
0.3,0.55,0.65,0.2,edge,8,3.0,4.5,False,-0.09846774238005429,-0.05575836845004467,-0.08541874786001924,34,0.14705882352941177,0.6053494934598314
0.3,0.55,0.65,0.2,edge,8,3.0,4.0,False,-0.09846774238005429,-0.05575836845004467,-0.08541874786001924,34,0.14705882352941177,0.6053494934598314
0.3,0.55,0.65,0.25,edge,8,3.0,4.5,False,-0.10008627932666603,-0.05715723845005016,-0.08585808175323173,34,0.14705882352941177,0.5946614243150419
0.3,0.55,0.65,0.25,edge,8,3.0,4.0,False,-0.10008627932666603,-0.05715723845005016,-0.08585808175323173,34,0.14705882352941177,0.5946614243150419
0.3,0.55,0.65,0.2,edge,8,3.0,4.5,True,-0.11142648234323993,-0.06688406735002295,-0.08908482998643397,28,0.10714285714285714,0.43778377875424235
0.3,0.55,0.65,0.2,edge,8,3.5,4.5,True,-0.11142648234323993,-0.06688406735002295,-0.08908482998643397,28,0.10714285714285714,0.43778377875424235
0.3,0.55,0.65,0.2,edge,6,3.0,4.5,True,-0.11211054403233373,-0.06567728490001823,-0.09286651826463099,23,0.08695652173913043,0.3311757036523786
0.3,0.55,0.65,0.2,edge,6,3.5,4.5,True,-0.11211054403233373,-0.06567728490001823,-0.09286651826463099,23,0.08695652173913043,0.3311757036523786
0.3,0.55,0.65,0.25,edge,8,3.5,4.5,True,-0.11212560292996548,-0.06748703285002788,-0.0892771401598752,28,0.10714285714285714,0.43200646019755057
0.3,0.55,0.65,0.25,edge,8,3.0,4.5,True,-0.11212560292996548,-0.06748703285002788,-0.0892771401598752,28,0.10714285714285714,0.43200646019755057
0.3,0.55,0.65,0.25,edge,6,3.5,4.5,True,-0.1124895986312539,-0.06606760570002168,-0.09284398586246445,23,0.08695652173913043,0.32650152202196925
0.3,0.55,0.65,0.25,edge,6,3.0,4.5,True,-0.1124895986312539,-0.06606760570002168,-0.09284398586246445,23,0.08695652173913043,0.32650152202196925
